id,time,gwaddr,modulation,datarate,snr,rssi,freq,lat,lon
4925375, 2018-03-22 09:30:22, B827EBFFFEBFBEE2, LORA, SF7BW125,-7.0,-117.0,867.9,45.707307,13.713610000000001
4925459, 2018-03-22 09:32:03, B827EBFFFEBFBEE2, LORA, SF7BW125,-7.0,-119.0,867.1,45.707489,13.713029999999998
4925500, 2018-03-22 09:32:38, B827EBFFFEBFBEE2, LORA, SF7BW125,-1.8,-118.0,867.1,45.707457,13.711807
4925549, 2018-03-22 09:33:46, B827EBFFFEBFBEE2, LORA, SF7BW125,-1.8,-114.0,868.5,45.70691,13.709382999999999
4925579, 2018-03-22 09:34:20, B827EBFFFEBFBEE2, LORA, SF7BW125,8.0,-100.0,867.9,45.706019,13.707729999999998
4925605, 2018-03-22 09:34:54, B827EBFFFEC470BE, LORA, SF7BW125,1.5,-117.0,867.9,45.705428999999995,13.706335999999999
4925606, 2018-03-22 09:34:54, B827EBFFFEBFBEE2, LORA, SF7BW125,8.5,-103.0,867.9,45.705428999999995,13.706335999999999
4925643, 2018-03-22 09:35:27, B827EBFFFEC470BE, LORA, SF7BW125,5.8,-109.0,867.5,45.704741999999996,13.704404
4925644, 2018-03-22 09:35:27, B827EBFFFEBFBEE2, LORA, SF7BW125,6.5,-101.0,867.5,45.704741999999996,13.704404
4925679, 2018-03-22 09:36:01, B827EBFFFEC470BE, LORA, SF7BW125,1.5,-109.0,867.5,45.704066,13.702945000000001
4925680, 2018-03-22 09:36:01, B827EBFFFEBFBEE2, LORA, SF7BW125,7.0,-95.0,867.5,45.704066,13.702945000000001
4925715, 2018-03-22 09:36:35, B827EBFFFEC470BE, LORA, SF7BW125,4.5,-112.0,868.5,45.703702,13.702387
4925716, 2018-03-22 09:36:35, B827EBFFFEBFBEE2, LORA, SF7BW125,7.0,-97.0,868.5,45.703702,13.702387
4925739, 2018-03-22 09:37:09, B827EBFFFEC470BE, LORA, SF7BW125,5.0,-113.0,867.3,45.703584,13.702279999999998
4925740, 2018-03-22 09:37:09, B827EBFFFEBFBEE2, LORA, SF7BW125,10.2,-96.0,867.3,45.703584,13.702279999999998
4925764, 2018-03-22 09:37:43, B827EBFFFEC470BE, LORA, SF7BW125,5.5,-113.0,868.1,45.703412,13.702086999999999
4925765, 2018-03-22 09:37:43, B827EBFFFEBFBEE2, LORA, SF7BW125,9.0,-103.0,868.1,45.703412,13.702086999999999
4925801, 2018-03-22 09:38:18, B827EBFFFEC470BE, LORA, SF7BW125,5.2,-111.0,868.5,45.703315,13.702001000000001
4925802, 2018-03-22 09:38:18, B827EBFFFEBFBEE2, LORA, SF7BW125,6.0,-102.0,868.5,45.703315,13.702001000000001
4925827, 2018-03-22 09:38:51, B827EBFFFEC470BE, LORA, SF7BW125,6.5,-111.0,867.7,45.703262,13.701807999999998
4925828, 2018-03-22 09:38:51, B827EBFFFEBFBEE2, LORA, SF7BW125,8.8,-101.0,867.7,45.703262,13.701807999999998
4925862, 2018-03-22 09:39:26, B827EBFFFEC470BE, LORA, SF7BW125,3.2,-115.0,867.9,45.703133,13.701701000000002
4925863, 2018-03-22 09:39:26, B827EBFFFEBFBEE2, LORA, SF7BW125,9.2,-101.0,867.9,45.703133,13.701701000000002
4925888, 2018-03-22 09:40:00, B827EBFFFEC470BE, LORA, SF7BW125,6.5,-109.0,867.3,45.703122,13.701657999999998
4925889, 2018-03-22 09:40:00, B827EBFFFEBFBEE2, LORA, SF7BW125,9.5,-99.0,867.3,45.703122,13.701657999999998
4925924, 2018-03-22 09:40:33, B827EBFFFEC470BE, LORA, SF7BW125,1.0,-111.0,867.5,45.703015,13.7014
4925925, 2018-03-22 09:40:33, B827EBFFFEBFBEE2, LORA, SF7BW125,6.8,-95.0,867.5,45.703015,13.7014
4925957, 2018-03-22 09:41:08, B827EBFFFEC470BE, LORA, SF7BW125,3.8,-109.0,868.5,45.702940000000005,13.70125
4925958, 2018-03-22 09:41:08, B827EBFFFEBFBEE2, LORA, SF7BW125,7.2,-99.0,868.5,45.702940000000005,13.70125
4925986, 2018-03-22 09:41:42, B827EBFFFEC470BE, LORA, SF7BW125,5.8,-109.0,867.1,45.7028,13.7011
4925987, 2018-03-22 09:41:42, B827EBFFFEBFBEE2, LORA, SF7BW125,8.8,-99.0,867.1,45.7028,13.7011
4926026, 2018-03-22 09:42:16, B827EBFFFEC470BE, LORA, SF7BW125,6.5,-111.0,868.3,45.702628999999995,13.700992999999999
4926027, 2018-03-22 09:42:16, B827EBFFFEBFBEE2, LORA, SF7BW125,9.0,-97.0,868.3,45.702628999999995,13.700992999999999
4926052, 2018-03-22 09:42:50, B827EBFFFEC470BE, LORA, SF7BW125,2.2,-115.0,868.5,45.702586,13.70095
4926053, 2018-03-22 09:42:50, B827EBFFFEBFBEE2, LORA, SF7BW125,6.0,-105.0,868.5,45.702586,13.70095
4926093, 2018-03-22 09:43:24, B827EBFFFEC470BE, LORA, SF7BW125,4.2,-113.0,867.7,45.702586,13.70095
4926094, 2018-03-22 09:43:24, B827EBFFFEBFBEE2, LORA, SF7BW125,8.5,-102.0,867.7,45.702586,13.70095
4926122, 2018-03-22 09:43:58, B827EBFFFEC470BE, LORA, SF7BW125,4.5,-115.0,868.1,45.702586,13.70095
4926123, 2018-03-22 09:43:58, B827EBFFFEBFBEE2, LORA, SF7BW125,8.2,-103.0,868.1,45.702586,13.70095
4926159, 2018-03-22 09:44:34, B827EBFFFEC470BE, LORA, SF7BW125,5.8,-113.0,867.3,45.702586,13.70095
4926160, 2018-03-22 09:44:34, B827EBFFFEBFBEE2, LORA, SF7BW125,8.2,-101.0,867.3,45.702586,13.70095
4926186, 2018-03-22 09:45:07, B827EBFFFEC470BE, LORA, SF7BW125,5.0,-113.0,867.7,45.702511,13.700928
4926187, 2018-03-22 09:45:07, B827EBFFFEBFBEE2, LORA, SF7BW125,6.8,-105.0,867.7,45.702511,13.700928
4926216, 2018-03-22 09:45:42, B827EBFFFEC470BE, LORA, SF7BW125,5.0,-111.0,868.5,45.702511,13.700928
4926217, 2018-03-22 09:45:42, B827EBFFFEBFBEE2, LORA, SF7BW125,6.2,-104.0,868.5,45.702511,13.700928
4926255, 2018-03-22 09:46:16, B827EBFFFEBFBEE2, LORA, SF7BW125,4.5,-108.0,867.3,45.702511,13.700928
4926256, 2018-03-22 09:46:16, B827EBFFFEC470BE, LORA, SF7BW125,6.2,-111.0,867.3,45.702511,13.700928
4926280, 2018-03-22 09:46:49, B827EBFFFEC470BE, LORA, SF7BW125,6.0,-112.0,868.3,45.702511,13.700928
4926281, 2018-03-22 09:46:49, B827EBFFFEBFBEE2, LORA, SF7BW125,7.2,-108.0,868.3,45.702511,13.700928
4926316, 2018-03-22 09:47:23, B827EBFFFEC470BE, LORA, SF7BW125,4.8,-109.0,868.5,45.702446,13.700821
4926317, 2018-03-22 09:47:23, B827EBFFFEBFBEE2, LORA, SF7BW125,6.8,-102.0,868.5,45.702446,13.700821
4926345, 2018-03-22 09:47:57, B827EBFFFEC470BE, LORA, SF7BW125,5.8,-110.0,867.9,45.702446,13.700821
4926346, 2018-03-22 09:47:57, B827EBFFFEBFBEE2, LORA, SF7BW125,7.0,-106.0,867.9,45.702446,13.700821
4926372, 2018-03-22 09:48:30, B827EBFFFEC470BE, LORA, SF7BW125,6.2,-113.0,867.9,45.702339,13.7008
4926373, 2018-03-22 09:48:30, B827EBFFFEBFBEE2, LORA, SF7BW125,8.8,-103.0,867.9,45.702339,13.7008
4926406, 2018-03-22 09:49:04, B827EBFFFEC470BE, LORA, SF7BW125,4.0,-108.0,867.5,45.702339,13.7008
4926407, 2018-03-22 09:49:04, B827EBFFFEBFBEE2, LORA, SF7BW125,6.8,-102.0,867.5,45.702339,13.7008
4926429, 2018-03-22 09:49:38, B827EBFFFEBFBEE2, LORA, SF7BW125,7.0,-102.0,867.7,45.702243,13.700778
4926430, 2018-03-22 09:49:38, B827EBFFFEC470BE, LORA, SF7BW125,7.0,-108.0,867.7,45.702243,13.700778
4926463, 2018-03-22 09:50:11, B827EBFFFEC470BE, LORA, SF7BW125,4.5,-108.0,868.5,45.702243,13.700778
4926464, 2018-03-22 09:50:11, B827EBFFFEBFBEE2, LORA, SF7BW125,6.2,-105.0,868.5,45.702243,13.700778
4926488, 2018-03-22 09:50:45, B827EBFFFEC470BE, LORA, SF7BW125,7.2,-111.0,867.1,45.702243,13.700778
4926489, 2018-03-22 09:50:45, B827EBFFFEBFBEE2, LORA, SF7BW125,7.5,-105.0,867.1,45.702243,13.700778
4926512, 2018-03-22 09:51:18, B827EBFFFEC470BE, LORA, SF7BW125,6.2,-113.0,868.3,45.702243,13.700778
4926549, 2018-03-22 09:51:52, B827EBFFFEC470BE, LORA, SF7BW125,6.8,-109.0,868.3,45.702146,13.700778
4926550, 2018-03-22 09:51:52, B827EBFFFEBFBEE2, LORA, SF7BW125,8.5,-105.0,868.3,45.702146,13.700778
4926576, 2018-03-22 09:52:26, B827EBFFFEC470BE, LORA, SF7BW125,6.5,-111.0,867.7,45.702146,13.700778
4926577, 2018-03-22 09:52:26, B827EBFFFEBFBEE2, LORA, SF7BW125,6.8,-105.0,867.7,45.702146,13.700778
4926609, 2018-03-22 09:52:59, B827EBFFFEC470BE, LORA, SF7BW125,5.8,-112.0,867.9,45.702146,13.700778
4926610, 2018-03-22 09:52:59, B827EBFFFEBFBEE2, LORA, SF7BW125,7.2,-101.0,867.9,45.702146,13.700778
4926630, 2018-03-22 09:53:33, B827EBFFFEC470BE, LORA, SF7BW125,5.0,-109.0,867.5,45.702049,13.700821
4926631, 2018-03-22 09:53:33, B827EBFFFEBFBEE2, LORA, SF7BW125,5.8,-101.0,867.5,45.702049,13.700821
4926658, 2018-03-22 09:54:06, B827EBFFFEC470BE, LORA, SF7BW125,4.5,-111.0,867.5,45.702049,13.7008
4926659, 2018-03-22 09:54:06, B827EBFFFEBFBEE2, LORA, SF7BW125,5.2,-105.0,867.5,45.702049,13.7008
4926690, 2018-03-22 09:54:40, B827EBFFFEBFBEE2, LORA, SF7BW125,3.5,-107.0,868.5,45.702049,13.7008
4926691, 2018-03-22 09:54:40, B827EBFFFEC470BE, LORA, SF7BW125,5.2,-109.0,868.5,45.702049,13.7008
4926718, 2018-03-22 09:55:14, B827EBFFFEC470BE, LORA, SF7BW125,6.8,-108.0,867.1,45.702049,13.7008
4926719, 2018-03-22 09:55:14, B827EBFFFEBFBEE2, LORA, SF7BW125,7.0,-105.0,867.1,45.702049,13.7008
4926748, 2018-03-22 09:55:47, B827EBFFFEBFBEE2, LORA, SF7BW125,6.8,-106.0,868.3,45.702049,13.7008
4926750, 2018-03-22 09:55:47, B827EBFFFEC470BE, LORA, SF7BW125,6.8,-111.0,868.3,45.702049,13.7008
4926779, 2018-03-22 09:56:21, B827EBFFFEBFBEE2, LORA, SF7BW125,6.0,-104.0,868.5,45.701941999999995,13.700778
4926780, 2018-03-22 09:56:21, B827EBFFFEC470BE, LORA, SF7BW125,6.2,-109.0,868.5,45.701941999999995,13.700778
4926802, 2018-03-22 09:56:54, B827EBFFFEC470BE, LORA, SF7BW125,6.8,-109.0,867.7,45.701941999999995,13.700778
4926803, 2018-03-22 09:56:54, B827EBFFFEBFBEE2, LORA, SF7BW125,7.2,-105.0,867.7,45.701941999999995,13.700778
4926843, 2018-03-22 09:57:29, B827EBFFFEC470BE, LORA, SF7BW125,5.8,-108.0,867.9,45.701941999999995,13.700778
4926844, 2018-03-22 09:57:29, B827EBFFFEBFBEE2, LORA, SF7BW125,7.2,-105.0,867.9,45.701941999999995,13.700778
4926877, 2018-03-22 09:58:02, B827EBFFFEC470BE, LORA, SF7BW125,5.8,-111.0,867.3,45.701867,13.700714000000001
4926878, 2018-03-22 09:58:02, B827EBFFFEBFBEE2, LORA, SF7BW125,7.8,-101.0,867.3,45.701867,13.700714000000001
4926910, 2018-03-22 09:58:37, B827EBFFFEBFBEE2, LORA, SF7BW125,4.2,-107.0,867.5,45.701867,13.700714000000001
4926911, 2018-03-22 09:58:37, B827EBFFFEC470BE, LORA, SF7BW125,5.2,-108.0,867.5,45.701867,13.700714000000001
4926952, 2018-03-22 09:59:12, B827EBFFFEC470BE, LORA, SF7BW125,6.5,-111.0,867.1,45.701867,13.700714000000001
4926953, 2018-03-22 09:59:12, B827EBFFFEBFBEE2, LORA, SF7BW125,9.0,-103.0,867.1,45.701867,13.700714000000001
4926979, 2018-03-22 09:59:46, B827EBFFFEC470BE, LORA, SF7BW125,7.0,-108.0,867.3,45.701867,13.700714000000001
4926980, 2018-03-22 09:59:46, B827EBFFFEBFBEE2, LORA, SF7BW125,9.0,-103.0,867.3,45.701867,13.700714000000001
4927022, 2018-03-22 10:00:20, B827EBFFFEC470BE, LORA, SF7BW125,6.5,-108.0,868.1,45.701781,13.700692000000002
4927023, 2018-03-22 10:00:20, B827EBFFFEBFBEE2, LORA, SF7BW125,8.2,-105.0,868.1,45.701781,13.700692000000002
4927045, 2018-03-22 10:00:52, B827EBFFFEC470BE, LORA, SF7BW125,4.0,-108.0,868.5,45.701781,13.700692000000002
4927046, 2018-03-22 10:00:52, B827EBFFFEBFBEE2, LORA, SF7BW125,5.8,-107.0,868.5,45.701781,13.700692000000002
4927085, 2018-03-22 10:01:26, B827EBFFFEC470BE, LORA, SF7BW125,7.0,-109.0,867.7,45.701781,13.700692000000002
4927086, 2018-03-22 10:01:26, B827EBFFFEBFBEE2, LORA, SF7BW125,7.5,-102.0,867.7,45.701781,13.700692000000002
4927109, 2018-03-22 10:02:00, B827EBFFFEC470BE, LORA, SF7BW125,6.2,-111.0,867.9,45.701706,13.700628
4927110, 2018-03-22 10:02:00, B827EBFFFEBFBEE2, LORA, SF7BW125,6.8,-105.0,867.9,45.701706,13.700628
4927141, 2018-03-22 10:02:34, B827EBFFFEBFBEE2, LORA, SF7BW125,-0.8,-114.0,867.3,45.701706,13.700628
4927142, 2018-03-22 10:02:34, B827EBFFFEC470BE, LORA, SF7BW125,7.2,-107.0,867.3,45.701706,13.700628
4927170, 2018-03-22 10:03:08, B827EBFFFEBFBEE2, LORA, SF7BW125,5.2,-108.0,867.7,45.701706,13.700628
4927171, 2018-03-22 10:03:08, B827EBFFFEC470BE, LORA, SF7BW125,6.2,-108.0,867.7,45.701706,13.700628
4927202, 2018-03-22 10:03:42, B827EBFFFEC470BE, LORA, SF7BW125,6.0,-109.0,867.1,45.701609999999995,13.700606
4927203, 2018-03-22 10:03:42, B827EBFFFEBFBEE2, LORA, SF7BW125,6.5,-106.0,867.1,45.701609999999995,13.700606
4927233, 2018-03-22 10:04:16, B827EBFFFEC470BE, LORA, SF7BW125,6.0,-109.0,867.3,45.701609999999995,13.700606
4927234, 2018-03-22 10:04:16, B827EBFFFEBFBEE2, LORA, SF7BW125,6.2,-107.0,867.3,45.701609999999995,13.700606
4927254, 2018-03-22 10:04:50, B827EBFFFEC470BE, LORA, SF7BW125,6.2,-112.0,868.1,45.701609999999995,13.700606
4927255, 2018-03-22 10:04:50, B827EBFFFEBFBEE2, LORA, SF7BW125,7.2,-103.0,868.1,45.701609999999995,13.700606
4927286, 2018-03-22 10:05:24, B827EBFFFEBFBEE2, LORA, SF7BW125,6.2,-107.0,868.3,45.701524,13.700585
4927287, 2018-03-22 10:05:24, B827EBFFFEC470BE, LORA, SF7BW125,7.2,-109.0,868.3,45.701524,13.700585
4927309, 2018-03-22 10:05:58, B827EBFFFEC470BE, LORA, SF7BW125,6.0,-108.0,867.7,45.701524,13.700585
4927310, 2018-03-22 10:05:58, B827EBFFFEBFBEE2, LORA, SF7BW125,7.2,-103.0,867.7,45.701524,13.700585
4927346, 2018-03-22 10:06:33, B827EBFFFEC470BE, LORA, SF7BW125,6.8,-109.0,868.1,45.701524,13.700585
4927347, 2018-03-22 10:06:33, B827EBFFFEBFBEE2, LORA, SF7BW125,7.2,-103.0,868.1,45.701524,13.700585
4927367, 2018-03-22 10:07:07, B827EBFFFEC470BE, LORA, SF7BW125,4.8,-109.0,867.5,45.701524,13.700585
4927368, 2018-03-22 10:07:07, B827EBFFFEBFBEE2, LORA, SF7BW125,6.5,-103.0,867.5,45.701524,13.700585
4927402, 2018-03-22 10:07:41, B827EBFFFEC470BE, LORA, SF7BW125,6.2,-109.0,867.7,45.701415999999995,13.700498999999999
4927404, 2018-03-22 10:07:41, B827EBFFFEBFBEE2, LORA, SF7BW125,8.2,-105.0,867.7,45.701415999999995,13.700498999999999
4927431, 2018-03-22 10:08:14, B827EBFFFEC470BE, LORA, SF7BW125,5.0,-108.0,868.5,45.701415999999995,13.700498999999999
4927432, 2018-03-22 10:08:14, B827EBFFFEBFBEE2, LORA, SF7BW125,6.2,-102.0,868.5,45.701415999999995,13.700498999999999
4927455, 2018-03-22 10:08:48, B827EBFFFEC470BE, LORA, SF7BW125,7.0,-108.0,867.3,45.701415999999995,13.700498999999999
4927456, 2018-03-22 10:08:48, B827EBFFFEBFBEE2, LORA, SF7BW125,8.2,-101.0,867.3,45.701415999999995,13.700498999999999
4927487, 2018-03-22 10:09:22, B827EBFFFEC470BE, LORA, SF7BW125,7.2,-109.0,868.1,45.701415999999995,13.700498999999999
4927488, 2018-03-22 10:09:22, B827EBFFFEBFBEE2, LORA, SF7BW125,9.0,-102.0,868.1,45.701415999999995,13.700498999999999
4927516, 2018-03-22 10:09:56, B827EBFFFEC470BE, LORA, SF7BW125,6.8,-107.0,868.3,45.701415999999995,13.700498999999999
4927517, 2018-03-22 10:09:56, B827EBFFFEBFBEE2, LORA, SF7BW125,7.5,-103.0,868.3,45.701415999999995,13.700498999999999
4927548, 2018-03-22 10:10:30, B827EBFFFEC470BE, LORA, SF7BW125,7.8,-111.0,867.9,45.701341,13.700498999999999
4927549, 2018-03-22 10:10:30, B827EBFFFEBFBEE2, LORA, SF7BW125,9.0,-107.0,867.9,45.701341,13.700498999999999
4927573, 2018-03-22 10:11:05, B827EBFFFEC470BE, LORA, SF7BW125,6.2,-108.0,868.1,45.701341,13.700498999999999
4927574, 2018-03-22 10:11:05, B827EBFFFEBFBEE2, LORA, SF7BW125,8.8,-102.0,868.1,45.701341,13.700498999999999
4927599, 2018-03-22 10:11:39, B827EBFFFEC470BE, LORA, SF7BW125,2.0,-109.0,867.5,45.701341,13.700498999999999
4927600, 2018-03-22 10:11:39, B827EBFFFEBFBEE2, LORA, SF7BW125,6.8,-101.0,867.5,45.701341,13.700498999999999
4927630, 2018-03-22 10:12:13, B827EBFFFEC470BE, LORA, SF7BW125,6.0,-109.0,867.7,45.701245,13.700435
4927631, 2018-03-22 10:12:13, B827EBFFFEBFBEE2, LORA, SF7BW125,8.5,-100.0,867.7,45.701245,13.700435
4927654, 2018-03-22 10:12:47, B827EBFFFEC470BE, LORA, SF7BW125,5.0,-111.0,868.5,45.701213,13.700392
4927655, 2018-03-22 10:12:47, B827EBFFFEBFBEE2, LORA, SF7BW125,7.0,-98.0,868.5,45.701213,13.700392
4927684, 2018-03-22 10:13:21, B827EBFFFEC470BE, LORA, SF7BW125,6.0,-109.0,867.1,45.701213,13.700392
4927685, 2018-03-22 10:13:21, B827EBFFFEBFBEE2, LORA, SF7BW125,8.2,-105.0,867.1,45.701213,13.700392
4927706, 2018-03-22 10:13:55, B827EBFFFEC470BE, LORA, SF7BW125,6.2,-108.0,868.3,45.701213,13.700392
4927707, 2018-03-22 10:13:55, B827EBFFFEBFBEE2, LORA, SF7BW125,8.0,-98.0,868.3,45.701213,13.700392
4927738, 2018-03-22 10:14:30, B827EBFFFEC470BE, LORA, SF7BW125,4.8,-109.0,868.5,45.701127,13.700392
4927739, 2018-03-22 10:14:30, B827EBFFFEBFBEE2, LORA, SF7BW125,6.2,-102.0,868.5,45.701127,13.700392
4927762, 2018-03-22 10:15:04, B827EBFFFEC470BE, LORA, SF7BW125,6.2,-111.0,867.7,45.701127,13.700392
4927763, 2018-03-22 10:15:04, B827EBFFFEBFBEE2, LORA, SF7BW125,9.0,-99.0,867.7,45.701127,13.700392
4927788, 2018-03-22 10:15:39, B827EBFFFEC470BE, LORA, SF7BW125,6.2,-114.0,868.1,45.701127,13.700392
4927789, 2018-03-22 10:15:39, B827EBFFFEBFBEE2, LORA, SF7BW125,8.5,-105.0,868.1,45.701127,13.700392
4927822, 2018-03-22 10:16:12, B827EBFFFEC470BE, LORA, SF7BW125,6.5,-108.0,867.3,45.701052000000004,13.700327
4927823, 2018-03-22 10:16:12, B827EBFFFEBFBEE2, LORA, SF7BW125,8.2,-107.0,867.3,45.701052000000004,13.700327
4927842, 2018-03-22 10:16:46, B827EBFFFEC470BE, LORA, SF7BW125,5.2,-109.0,867.5,45.701052000000004,13.700327
4927843, 2018-03-22 10:16:46, B827EBFFFEBFBEE2, LORA, SF7BW125,6.0,-105.0,867.5,45.701052000000004,13.700327
4927874, 2018-03-22 10:17:19, B827EBFFFEC470BE, LORA, SF7BW125,4.2,-109.0,868.5,45.701052000000004,13.700327
4927875, 2018-03-22 10:17:19, B827EBFFFEBFBEE2, LORA, SF7BW125,6.2,-101.0,868.5,45.701052000000004,13.700327
4927898, 2018-03-22 10:17:52, B827EBFFFEC470BE, LORA, SF7BW125,6.2,-113.0,867.1,45.701052000000004,13.700327
4927899, 2018-03-22 10:17:52, B827EBFFFEBFBEE2, LORA, SF7BW125,7.0,-103.0,867.1,45.701052000000004,13.700327
4927926, 2018-03-22 10:18:26, B827EBFFFEC470BE, LORA, SF7BW125,6.0,-112.0,868.1,45.700955,13.700263
4927927, 2018-03-22 10:18:26, B827EBFFFEBFBEE2, LORA, SF7BW125,8.0,-103.0,868.1,45.700955,13.700263
4927955, 2018-03-22 10:19:00, B827EBFFFEC470BE, LORA, SF7BW125,5.2,-112.0,868.3,45.700869,13.700242000000001
4927956, 2018-03-22 10:19:00, B827EBFFFEBFBEE2, LORA, SF7BW125,8.8,-101.0,868.3,45.700869,13.700242000000001
4927979, 2018-03-22 10:19:34, B827EBFFFEC470BE, LORA, SF7BW125,5.2,-110.0,867.7,45.700869,13.700242000000001
4927980, 2018-03-22 10:19:34, B827EBFFFEBFBEE2, LORA, SF7BW125,8.8,-99.0,867.7,45.700869,13.700242000000001
4928010, 2018-03-22 10:20:09, B827EBFFFEBFBEE2, LORA, SF7BW125,9.0,-100.0,867.9,45.700869,13.700242000000001
4928030, 2018-03-22 10:20:43, B827EBFFFEC470BE, LORA, SF7BW125,3.8,-109.0,867.5,45.700869,13.700242000000001
4928031, 2018-03-22 10:20:43, B827EBFFFEBFBEE2, LORA, SF7BW125,6.8,-97.0,867.5,45.700869,13.700242000000001
4928061, 2018-03-22 10:21:17, B827EBFFFEC470BE, LORA, SF7BW125,5.5,-113.0,867.7,45.700783,13.700176999999998
4928062, 2018-03-22 10:21:17, B827EBFFFEBFBEE2, LORA, SF7BW125,8.5,-97.0,867.7,45.700783,13.700176999999998
4928081, 2018-03-22 10:21:51, B827EBFFFEC470BE, LORA, SF7BW125,4.2,-112.0,868.5,45.700783,13.700176999999998
4928082, 2018-03-22 10:21:51, B827EBFFFEBFBEE2, LORA, SF7BW125,6.5,-99.0,868.5,45.700783,13.700176999999998
4928112, 2018-03-22 10:22:25, B827EBFFFEC470BE, LORA, SF7BW125,5.2,-112.0,867.1,45.700708,13.700113
4928113, 2018-03-22 10:22:25, B827EBFFFEBFBEE2, LORA, SF7BW125,9.2,-100.0,867.1,45.700708,13.700113
4928136, 2018-03-22 10:22:59, B827EBFFFEC470BE, LORA, SF7BW125,6.5,-111.0,868.1,45.700676,13.700091
4928137, 2018-03-22 10:22:59, B827EBFFFEBFBEE2, LORA, SF7BW125,8.0,-101.0,868.1,45.700676,13.700091
4928164, 2018-03-22 10:23:34, B827EBFFFEC470BE, LORA, SF7BW125,5.0,-111.0,868.5,45.700676,13.700091
4928165, 2018-03-22 10:23:34, B827EBFFFEBFBEE2, LORA, SF7BW125,6.2,-102.0,868.5,45.700676,13.700091
4928193, 2018-03-22 10:24:07, B827EBFFFEC470BE, LORA, SF7BW125,6.0,-109.0,867.9,45.700601,13.700070000000002
4928194, 2018-03-22 10:24:07, B827EBFFFEBFBEE2, LORA, SF7BW125,7.8,-100.0,867.9,45.700601,13.700070000000002
4928218, 2018-03-22 10:24:42, B827EBFFFEC470BE, LORA, SF7BW125,2.8,-118.0,868.1,45.700558,13.700049
4928219, 2018-03-22 10:24:42, B827EBFFFEBFBEE2, LORA, SF7BW125,6.8,-105.0,868.1,45.700558,13.700049
4928731, 2018-03-22 10:40:19, B827EBFFFEBFBEE2, LORA, SF7BW125,-8.5,-118.0,867.1,45.710236,13.708417
4928743, 2018-03-22 10:40:53, B827EBFFFEBFBEE2, LORA, SF7BW125,-5.0,-114.0,868.3,45.710375,13.708567000000002
4928759, 2018-03-22 10:41:27, B827EBFFFEBFBEE2, LORA, SF7BW125,-4.5,-115.0,868.5,45.710375,13.708589000000002
4928775, 2018-03-22 10:42:01, B827EBFFFEBFBEE2, LORA, SF7BW125,-6.8,-117.0,867.9,45.710375,13.708589000000002
4928793, 2018-03-22 10:42:36, B827EBFFFEBFBEE2, LORA, SF7BW125,-1.2,-114.0,868.1,45.710375,13.708589000000002
4928807, 2018-03-22 10:43:10, B827EBFFFEBFBEE2, LORA, SF7BW125,1.5,-110.0,867.3,45.710375,13.708589000000002
4928830, 2018-03-22 10:43:44, B827EBFFFEBFBEE2, LORA, SF7BW125,-0.5,-114.0,867.5,45.710375,13.708589000000002
4928842, 2018-03-22 10:44:18, B827EBFFFEBFBEE2, LORA, SF7BW125,0.0,-113.0,867.1,45.710375,13.708589000000002
4928856, 2018-03-22 10:44:52, B827EBFFFEBFBEE2, LORA, SF7BW125,-1.2,-115.0,867.1,45.710375,13.708589000000002
4928870, 2018-03-22 10:45:26, B827EBFFFEBFBEE2, LORA, SF7BW125,-3.8,-117.0,868.3,45.710375,13.708589000000002
4928881, 2018-03-22 10:46:00, B827EBFFFEBFBEE2, LORA, SF7BW125,-0.2,-114.0,868.5,45.710375,13.708589000000002
4928901, 2018-03-22 10:46:35, B827EBFFFEBFBEE2, LORA, SF7BW125,4.2,-113.0,867.9,45.710375,13.708589000000002
4928915, 2018-03-22 10:47:09, B827EBFFFEBFBEE2, LORA, SF7BW125,3.5,-111.0,868.1,45.710375,13.708589000000002
4928934, 2018-03-22 10:47:43, B827EBFFFEBFBEE2, LORA, SF7BW125,4.0,-111.0,867.3,45.710418,13.708632000000001
4928947, 2018-03-22 10:48:17, B827EBFFFEBFBEE2, LORA, SF7BW125,1.2,-113.0,867.7,45.710418,13.708632000000001
4928971, 2018-03-22 10:48:51, B827EBFFFEBFBEE2, LORA, SF7BW125,-1.2,-113.0,868.5,45.710418,13.708632000000001
4928983, 2018-03-22 10:49:24, B827EBFFFEBFBEE2, LORA, SF7BW125,-2.0,-115.0,867.1,45.710418,13.708632000000001
4928997, 2018-03-22 10:49:58, B827EBFFFEBFBEE2, LORA, SF7BW125,0.5,-113.0,868.3,45.710418,13.708632000000001
4929021, 2018-03-22 10:50:32, B827EBFFFEBFBEE2, LORA, SF7BW125,-4.5,-117.0,868.3,45.710418,13.708632000000001
4929035, 2018-03-22 10:51:06, B827EBFFFEBFBEE2, LORA, SF7BW125,-3.8,-116.0,867.9,45.710418,13.708632000000001
4929056, 2018-03-22 10:51:40, B827EBFFFEBFBEE2, LORA, SF7BW125,-8.2,-117.0,867.9,45.710418,13.708632000000001
4929075, 2018-03-22 10:52:15, B827EBFFFEBFBEE2, LORA, SF7BW125,-5.0,-114.0,867.3,45.710418,13.708632000000001
4929092, 2018-03-22 10:52:48, B827EBFFFEBFBEE2, LORA, SF7BW125,-3.8,-114.0,867.5,45.710418,13.708632000000001
4929106, 2018-03-22 10:53:23, B827EBFFFEBFBEE2, LORA, SF7BW125,-2.8,-118.0,867.1,45.710493,13.708675
4929127, 2018-03-22 10:53:57, B827EBFFFEBFBEE2, LORA, SF7BW125,-3.5,-118.0,867.1,45.710493,13.708675
4929146, 2018-03-22 10:54:31, B827EBFFFEBFBEE2, LORA, SF7BW125,-4.2,-113.0,868.3,45.710493,13.708675
4929160, 2018-03-22 10:55:05, B827EBFFFEBFBEE2, LORA, SF7BW125,-4.8,-114.0,868.5,45.710493,13.708675
4929188, 2018-03-22 10:55:38, B827EBFFFEBFBEE2, LORA, SF7BW125,-1.8,-115.0,867.9,45.710493,13.708675
4929210, 2018-03-22 10:56:12, B827EBFFFEBFBEE2, LORA, SF7BW125,-1.8,-115.0,867.9,45.710493,13.708675
4929233, 2018-03-22 10:56:46, B827EBFFFEBFBEE2, LORA, SF7BW125,-3.8,-115.0,867.3,45.710493,13.708675
4929258, 2018-03-22 10:57:53, B827EBFFFEBFBEE2, LORA, SF7BW125,-8.5,-117.0,868.5,45.710493,13.708632000000001
4929281, 2018-03-22 10:58:27, B827EBFFFEBFBEE2, LORA, SF7BW125,-0.8,-114.0,867.1,45.710493,13.708632000000001
4929290, 2018-03-22 10:59:02, B827EBFFFEBFBEE2, LORA, SF7BW125,-0.2,-113.0,868.3,45.710493,13.708632000000001
4929312, 2018-03-22 10:59:36, B827EBFFFEBFBEE2, LORA, SF7BW125,-0.2,-114.0,868.3,45.710493,13.708632000000001
4929326, 2018-03-22 11:00:10, B827EBFFFEBFBEE2, LORA, SF7BW125,2.2,-113.0,867.9,45.710493,13.708632000000001
4929347, 2018-03-22 11:00:44, B827EBFFFEBFBEE2, LORA, SF7BW125,2.5,-114.0,868.1,45.710493,13.708632000000001
4929361, 2018-03-22 11:01:18, B827EBFFFEBFBEE2, LORA, SF7BW125,0.2,-113.0,867.3,45.710493,13.708632000000001
4929391, 2018-03-22 11:01:53, B827EBFFFEBFBEE2, LORA, SF7BW125,0.8,-114.0,867.5,45.710493,13.708632000000001
4929453, 2018-03-22 11:03:01, B827EBFFFEBFBEE2, LORA, SF7BW125,-6.0,-115.0,867.3,45.710568,13.708632000000001
4929485, 2018-03-22 11:03:35, B827EBFFFEBFBEE2, LORA, SF7BW125,-3.8,-117.0,868.1,45.710568,13.708632000000001
4929512, 2018-03-22 11:04:09, B827EBFFFEBFBEE2, LORA, SF7BW125,-5.0,-118.0,868.5,45.710568,13.708632000000001
4929545, 2018-03-22 11:04:44, B827EBFFFEBFBEE2, LORA, SF7BW125,-1.0,-113.0,867.7,45.710568,13.708632000000001
4929577, 2018-03-22 11:05:18, B827EBFFFEBFBEE2, LORA, SF7BW125,-4.0,-115.0,867.9,45.710568,13.708632000000001
4929589, 2018-03-22 11:05:52, B827EBFFFEBFBEE2, LORA, SF7BW125,2.2,-113.0,867.5,45.710568,13.708632000000001
4929604, 2018-03-22 11:06:27, B827EBFFFEBFBEE2, LORA, SF7BW125,-1.0,-113.0,867.5,45.710568,13.708632000000001
4929623, 2018-03-22 11:07:01, B827EBFFFEBFBEE2, LORA, SF7BW125,0.5,-114.0,867.1,45.710643,13.708675
4929647, 2018-03-22 11:07:35, B827EBFFFEBFBEE2, LORA, SF7BW125,4.0,-109.0,867.3,45.710643,13.708675
4929669, 2018-03-22 11:08:10, B827EBFFFEBFBEE2, LORA, SF7BW125,-3.5,-116.0,868.1,45.710643,13.708675
4929715, 2018-03-22 11:09:18, B827EBFFFEBFBEE2, LORA, SF7BW125,-2.8,-115.0,867.9,45.710643,13.708675
4929759, 2018-03-22 11:10:27, B827EBFFFEBFBEE2, LORA, SF7BW125,-3.0,-113.0,867.5,45.710643,13.708675
4929795, 2018-03-22 11:11:35, B827EBFFFEBFBEE2, LORA, SF7BW125,-0.2,-115.0,867.1,45.710643,13.708675
4929817, 2018-03-22 11:12:09, B827EBFFFEBFBEE2, LORA, SF7BW125,-0.2,-114.0,867.3,45.710643,13.708675
4929835, 2018-03-22 11:12:42, B827EBFFFEBFBEE2, LORA, SF7BW125,4.0,-113.0,868.1,45.71074,13.708739000000001
4929868, 2018-03-22 11:13:16, B827EBFFFEBFBEE2, LORA, SF7BW125,1.0,-112.0,868.3,45.71074,13.708739000000001
4929891, 2018-03-22 11:13:49, B827EBFFFEBFBEE2, LORA, SF7BW125,3.8,-111.0,867.7,45.71074,13.708739000000001
4929923, 2018-03-22 11:14:23, B827EBFFFEBFBEE2, LORA, SF7BW125,0.0,-114.0,868.1,45.71074,13.708739000000001
4929945, 2018-03-22 11:14:56, B827EBFFFEBFBEE2, LORA, SF7BW125,-3.5,-114.0,867.3,45.71074,13.708739000000001
4929973, 2018-03-22 11:15:30, B827EBFFFEBFBEE2, LORA, SF7BW125,1.2,-113.0,867.5,45.71074,13.708739000000001
4929994, 2018-03-22 11:16:04, B827EBFFFEBFBEE2, LORA, SF7BW125,-4.2,-114.0,868.5,45.71074,13.708739000000001
4930103, 2018-03-22 11:18:53, B827EBFFFEBFBEE2, LORA, SF7BW125,-6.5,-117.0,867.9,45.710826000000004,13.708782000000001
4930125, 2018-03-22 11:19:26, B827EBFFFEBFBEE2, LORA, SF7BW125,-5.2,-115.0,867.3,45.710826000000004,13.708782000000001
4930150, 2018-03-22 11:20:01, B827EBFFFEBFBEE2, LORA, SF7BW125,-2.8,-114.0,867.5,45.710826000000004,13.708782000000001
4930170, 2018-03-22 11:20:33, B827EBFFFEBFBEE2, LORA, SF7BW125,-3.2,-117.0,867.1,45.710826000000004,13.708782000000001
4930198, 2018-03-22 11:21:07, B827EBFFFEBFBEE2, LORA, SF7BW125,1.2,-114.0,867.1,45.710826000000004,13.708782000000001
4930337, 2018-03-22 11:23:56, B827EBFFFEBFBEE2, LORA, SF7BW125,-3.8,-114.0,867.3,45.710922,13.708739000000001
4930361, 2018-03-22 11:24:30, B827EBFFFEBFBEE2, LORA, SF7BW125,-3.5,-113.0,867.5,45.710922,13.708739000000001
4930393, 2018-03-22 11:25:04, B827EBFFFEBFBEE2, LORA, SF7BW125,-4.2,-116.0,867.1,45.710922,13.708739000000001
4930467, 2018-03-22 11:26:46, B827EBFFFEBFBEE2, LORA, SF7BW125,-3.0,-117.0,868.3,45.711008,13.708653
4930521, 2018-03-22 11:27:55, B827EBFFFEBFBEE2, LORA, SF7BW125,-6.5,-117.0,867.9,45.711062,13.708632000000001
4930623, 2018-03-22 11:30:11, B827EBFFFEBFBEE2, LORA, SF7BW125,-7.0,-114.0,867.3,45.711062,13.708632000000001
4930646, 2018-03-22 11:30:45, B827EBFFFEBFBEE2, LORA, SF7BW125,-2.5,-115.0,868.3,45.711062,13.708632000000001
4930666, 2018-03-22 11:31:19, B827EBFFFEBFBEE2, LORA, SF7BW125,-7.2,-115.0,868.5,45.711062,13.708632000000001
4930694, 2018-03-22 11:31:53, B827EBFFFEBFBEE2, LORA, SF7BW125,-1.5,-115.0,867.7,45.711062,13.708632000000001
4930719, 2018-03-22 11:32:28, B827EBFFFEBFBEE2, LORA, SF7BW125,-6.8,-118.0,868.1,45.711137,13.708545999999998
4930740, 2018-03-22 11:33:01, B827EBFFFEBFBEE2, LORA, SF7BW125,-7.8,-115.0,867.3,45.711148,13.708545999999998
4930764, 2018-03-22 11:33:36, B827EBFFFEBFBEE2, LORA, SF7BW125,-7.2,-114.0,867.5,45.711148,13.708545999999998
4930786, 2018-03-22 11:34:09, B827EBFFFEBFBEE2, LORA, SF7BW125,-4.8,-114.0,868.5,45.711148,13.708545999999998
4930805, 2018-03-22 11:34:43, B827EBFFFEBFBEE2, LORA, SF7BW125,-1.8,-115.0,867.1,45.711148,13.708545999999998
4930823, 2018-03-22 11:35:16, B827EBFFFEBFBEE2, LORA, SF7BW125,-3.8,-115.0,868.3,45.711148,13.708545999999998
4930843, 2018-03-22 11:35:50, B827EBFFFEBFBEE2, LORA, SF7BW125,-1.2,-113.0,868.3,45.711148,13.708545999999998
4930868, 2018-03-22 11:36:23, B827EBFFFEBFBEE2, LORA, SF7BW125,0.0,-113.0,867.9,45.711148,13.708545999999998
4930892, 2018-03-22 11:36:58, B827EBFFFEBFBEE2, LORA, SF7BW125,-0.5,-114.0,867.9,45.711148,13.708545999999998
4930913, 2018-03-22 11:37:32, B827EBFFFEBFBEE2, LORA, SF7BW125,-4.2,-116.0,867.3,45.711148,13.708545999999998
4930937, 2018-03-22 11:38:06, B827EBFFFEBFBEE2, LORA, SF7BW125,-0.8,-114.0,867.7,45.711148,13.708545999999998
4930956, 2018-03-22 11:38:40, B827EBFFFEBFBEE2, LORA, SF7BW125,-2.2,-114.0,868.5,45.711148,13.708545999999998
4930983, 2018-03-22 11:39:14, B827EBFFFEBFBEE2, LORA, SF7BW125,-4.5,-115.0,867.3,45.711223,13.708480999999999
4931007, 2018-03-22 11:39:49, B827EBFFFEBFBEE2, LORA, SF7BW125,-5.0,-116.0,868.1,45.711223,13.708480999999999
4931027, 2018-03-22 11:40:23, B827EBFFFEBFBEE2, LORA, SF7BW125,2.5,-111.0,868.3,45.711223,13.708480999999999
4931049, 2018-03-22 11:40:58, B827EBFFFEBFBEE2, LORA, SF7BW125,1.8,-113.0,867.7,45.711223,13.708480999999999
4931070, 2018-03-22 11:41:32, B827EBFFFEBFBEE2, LORA, SF7BW125,-0.2,-114.0,868.1,45.711223,13.708480999999999
4931095, 2018-03-22 11:42:06, B827EBFFFEBFBEE2, LORA, SF7BW125,-3.0,-115.0,867.5,45.711223,13.708480999999999
4931117, 2018-03-22 11:42:41, B827EBFFFEBFBEE2, LORA, SF7BW125,-5.2,-115.0,867.5,45.711223,13.708480999999999
4931142, 2018-03-22 11:43:14, B827EBFFFEBFBEE2, LORA, SF7BW125,-1.0,-115.0,867.1,45.711223,13.708480999999999
4931165, 2018-03-22 11:43:49, B827EBFFFEBFBEE2, LORA, SF7BW125,1.2,-113.0,867.3,45.711298,13.708438000000001
4931192, 2018-03-22 11:44:23, B827EBFFFEBFBEE2, LORA, SF7BW125,-2.2,-116.0,868.1,45.711298,13.708438000000001
4931219, 2018-03-22 11:44:58, B827EBFFFEBFBEE2, LORA, SF7BW125,-1.8,-114.0,868.5,45.711298,13.708438000000001
4931247, 2018-03-22 11:45:31, B827EBFFFEBFBEE2, LORA, SF7BW125,-1.0,-113.0,867.7,45.711298,13.708438000000001
4931272, 2018-03-22 11:46:06, B827EBFFFEBFBEE2, LORA, SF7BW125,-6.2,-118.0,867.9,45.711298,13.708438000000001
4931301, 2018-03-22 11:46:40, B827EBFFFEBFBEE2, LORA, SF7BW125,-1.5,-114.0,867.5,45.711298,13.708438000000001
4931342, 2018-03-22 11:47:14, B827EBFFFEBFBEE2, LORA, SF7BW125,-6.0,-115.0,867.5,45.711298,13.708438000000001
4931375, 2018-03-22 11:47:48, B827EBFFFEBFBEE2, LORA, SF7BW125,-6.5,-118.0,867.1,45.711362,13.708480999999999
4931403, 2018-03-22 11:48:22, B827EBFFFEBFBEE2, LORA, SF7BW125,-6.8,-115.0,867.3,45.711362,13.708480999999999
4931430, 2018-03-22 11:48:56, B827EBFFFEBFBEE2, LORA, SF7BW125,-7.2,-117.0,868.1,45.711362,13.708480999999999
4931450, 2018-03-22 11:49:30, B827EBFFFEBFBEE2, LORA, SF7BW125,-2.2,-114.0,868.3,45.711362,13.708480999999999
4931477, 2018-03-22 11:50:04, B827EBFFFEBFBEE2, LORA, SF7BW125,-0.8,-112.0,867.7,45.711362,13.708480999999999
4931502, 2018-03-22 11:50:37, B827EBFFFEBFBEE2, LORA, SF7BW125,3.2,-112.0,867.9,45.711362,13.708480999999999
4931516, 2018-03-22 11:51:12, B827EBFFFEBFBEE2, LORA, SF7BW125,4.2,-111.0,867.3,45.711459000000005,13.708417
4931535, 2018-03-22 11:51:45, B827EBFFFEBFBEE2, LORA, SF7BW125,2.8,-109.0,867.5,45.711459000000005,13.708417
4931553, 2018-03-22 11:52:19, B827EBFFFEBFBEE2, LORA, SF7BW125,-1.2,-117.0,867.1,45.711459000000005,13.708417
4931564, 2018-03-22 11:52:54, B827EBFFFEBFBEE2, LORA, SF7BW125,0.5,-115.0,867.1,45.711459000000005,13.708417
4931578, 2018-03-22 11:53:27, B827EBFFFEBFBEE2, LORA, SF7BW125,-0.8,-115.0,868.1,45.711459000000005,13.708417
4931591, 2018-03-22 11:54:01, B827EBFFFEBFBEE2, LORA, SF7BW125,-1.0,-113.0,868.5,45.711459000000005,13.708417
4931607, 2018-03-22 11:54:36, B827EBFFFEBFBEE2, LORA, SF7BW125,-7.0,-115.0,867.9,45.711459000000005,13.708417
4931629, 2018-03-22 11:55:09, B827EBFFFEBFBEE2, LORA, SF7BW125,0.0,-114.0,867.9,45.711502,13.708417
4931656, 2018-03-22 11:55:43, B827EBFFFEBFBEE2, LORA, SF7BW125,-4.8,-115.0,867.5,45.71148,13.708417
4931682, 2018-03-22 11:56:17, B827EBFFFEBFBEE2, LORA, SF7BW125,-3.8,-115.0,867.5,45.71148,13.708417
4931704, 2018-03-22 11:56:52, B827EBFFFEBFBEE2, LORA, SF7BW125,3.5,-111.0,867.1,45.71148,13.708417
4931727, 2018-03-22 11:57:24, B827EBFFFEBFBEE2, LORA, SF7BW125,3.2,-112.0,867.3,45.71148,13.708417
4931745, 2018-03-22 11:57:57, B827EBFFFEBFBEE2, LORA, SF7BW125,4.0,-110.0,868.1,45.711469,13.708353
4931770, 2018-03-22 11:58:32, B827EBFFFEBFBEE2, LORA, SF7BW125,0.0,-114.0,868.5,45.711469,13.708353
4931791, 2018-03-22 11:59:05, B827EBFFFEBFBEE2, LORA, SF7BW125,-3.2,-114.0,867.9,45.711469,13.708353
4931820, 2018-03-22 11:59:40, B827EBFFFEBFBEE2, LORA, SF7BW125,-0.2,-114.0,867.9,45.711469,13.708353
4931843, 2018-03-22 12:00:14, B827EBFFFEBFBEE2, LORA, SF7BW125,-4.2,-115.0,867.5,45.711469,13.708353
4931867, 2018-03-22 12:00:48, B827EBFFFEBFBEE2, LORA, SF7BW125,-2.8,-115.0,867.7,45.711469,13.708353
4931901, 2018-03-22 12:01:22, B827EBFFFEBFBEE2, LORA, SF7BW125,0.2,-115.0,867.1,45.711469,13.708353
4931923, 2018-03-22 12:01:56, B827EBFFFEBFBEE2, LORA, SF7BW125,-0.2,-112.0,867.3,45.711469,13.708353
4931959, 2018-03-22 12:02:29, B827EBFFFEBFBEE2, LORA, SF7BW125,0.0,-113.0,868.3,45.711469,13.708353
4931997, 2018-03-22 12:03:04, B827EBFFFEBFBEE2, LORA, SF7BW125,0.0,-114.0,868.5,45.711469,13.708353
4932041, 2018-03-22 12:03:37, B827EBFFFEBFBEE2, LORA, SF7BW125,0.0,-112.0,867.7,45.711469,13.708353
4932080, 2018-03-22 12:04:11, B827EBFFFEBFBEE2, LORA, SF7BW125,3.0,-113.0,867.9,45.711534,13.708267000000001
4932125, 2018-03-22 12:04:46, B827EBFFFEBFBEE2, LORA, SF7BW125,2.0,-113.0,867.5,45.711534,13.708267000000001
4932164, 2018-03-22 12:05:20, B827EBFFFEBFBEE2, LORA, SF7BW125,2.5,-112.0,867.5,45.711534,13.708267000000001
4932190, 2018-03-22 12:05:54, B827EBFFFEBFBEE2, LORA, SF7BW125,3.2,-111.0,868.5,45.711534,13.708267000000001
4932226, 2018-03-22 12:06:28, B827EBFFFEBFBEE2, LORA, SF7BW125,3.5,-112.0,867.3,45.711534,13.708267000000001
4932256, 2018-03-22 12:07:01, B827EBFFFEBFBEE2, LORA, SF7BW125,2.2,-113.0,868.3,45.711534,13.708267000000001
4932300, 2018-03-22 12:07:36, B827EBFFFEBFBEE2, LORA, SF7BW125,2.8,-112.0,868.5,45.711534,13.708267000000001
4932343, 2018-03-22 12:08:10, B827EBFFFEBFBEE2, LORA, SF7BW125,5.8,-108.0,867.7,45.711587,13.708181
4932391, 2018-03-22 12:08:44, B827EBFFFEBFBEE2, LORA, SF7BW125,3.2,-110.0,867.9,45.711587,13.708181
4932442, 2018-03-22 12:09:18, B827EBFFFEBFBEE2, LORA, SF7BW125,4.0,-112.0,867.3,45.711587,13.708181
4932497, 2018-03-22 12:09:51, B827EBFFFEBFBEE2, LORA, SF7BW125,3.8,-109.0,867.5,45.711587,13.708181
4932559, 2018-03-22 12:10:25, B827EBFFFEBFBEE2, LORA, SF7BW125,4.8,-111.0,867.1,45.711587,13.708181
4932613, 2018-03-22 12:11:00, B827EBFFFEBFBEE2, LORA, SF7BW125,2.8,-112.0,867.3,45.711587,13.708181
4932670, 2018-03-22 12:11:33, B827EBFFFEBFBEE2, LORA, SF7BW125,1.2,-114.0,868.1,45.711587,13.708181
4932727, 2018-03-22 12:12:08, B827EBFFFEBFBEE2, LORA, SF7BW125,2.5,-113.0,868.5,45.711663,13.708095000000002
4932777, 2018-03-22 12:12:42, B827EBFFFEBFBEE2, LORA, SF7BW125,4.5,-109.0,867.7,45.711695,13.708074
4932828, 2018-03-22 12:13:17, B827EBFFFEBFBEE2, LORA, SF7BW125,2.2,-113.0,868.1,45.711695,13.708074
4932934, 2018-03-22 12:14:24, B827EBFFFEBFBEE2, LORA, SF7BW125,-2.0,-115.0,867.7,45.711695,13.708074
4932984, 2018-03-22 12:14:58, B827EBFFFEBFBEE2, LORA, SF7BW125,-4.0,-115.0,868.5,45.711695,13.708074
4933037, 2018-03-22 12:15:31, B827EBFFFEBFBEE2, LORA, SF7BW125,-5.8,-117.0,867.1,45.711759,13.707988
4933097, 2018-03-22 12:16:05, B827EBFFFEBFBEE2, LORA, SF7BW125,-0.2,-115.0,868.3,45.711759,13.707988
4933132, 2018-03-22 12:16:39, B827EBFFFEBFBEE2, LORA, SF7BW125,-1.8,-115.0,868.3,45.711759,13.707988
4933191, 2018-03-22 12:17:12, B827EBFFFEBFBEE2, LORA, SF7BW125,1.5,-113.0,867.7,45.711759,13.707988
4933233, 2018-03-22 12:17:46, B827EBFFFEBFBEE2, LORA, SF7BW125,-6.0,-117.0,867.9,45.711866,13.707966
4933298, 2018-03-22 12:18:20, B827EBFFFEBFBEE2, LORA, SF7BW125,-1.2,-113.0,867.5,45.711866,13.707966
4933340, 2018-03-22 12:18:55, B827EBFFFEBFBEE2, LORA, SF7BW125,-3.5,-114.0,867.5,45.711866,13.707966
4933413, 2018-03-22 12:20:04, B827EBFFFEBFBEE2, LORA, SF7BW125,-1.5,-114.0,867.1,45.711866,13.707966
4933448, 2018-03-22 12:20:38, B827EBFFFEBFBEE2, LORA, SF7BW125,0.5,-115.0,868.1,45.711940999999996,13.707881
4933485, 2018-03-22 12:21:12, B827EBFFFEBFBEE2, LORA, SF7BW125,-0.8,-115.0,868.5,45.711940999999996,13.707881
4933516, 2018-03-22 12:21:46, B827EBFFFEBFBEE2, LORA, SF7BW125,-3.5,-116.0,867.9,45.711974,13.707859
4933553, 2018-03-22 12:22:20, B827EBFFFEBFBEE2, LORA, SF7BW125,-4.0,-117.0,868.1,45.711974,13.707859
4933639, 2018-03-22 12:24:38, B827EBFFFEBFBEE2, LORA, SF7BW125,-6.8,-115.0,867.3,45.712059,13.707838
4933660, 2018-03-22 12:25:12, B827EBFFFEBFBEE2, LORA, SF7BW125,-6.0,-115.0,868.3,45.712059,13.707838
4933673, 2018-03-22 12:25:46, B827EBFFFEBFBEE2, LORA, SF7BW125,-2.0,-114.0,868.5,45.712059,13.707838
4933698, 2018-03-22 12:26:20, B827EBFFFEBFBEE2, LORA, SF7BW125,-4.5,-116.0,867.9,45.712113,13.707773000000001
4933713, 2018-03-22 12:26:55, B827EBFFFEBFBEE2, LORA, SF7BW125,-3.2,-117.0,868.1,45.712113,13.707773000000001
4933735, 2018-03-22 12:27:30, B827EBFFFEBFBEE2, LORA, SF7BW125,-3.2,-114.0,867.3,45.712113,13.707773000000001
4933755, 2018-03-22 12:28:03, B827EBFFFEBFBEE2, LORA, SF7BW125,-4.2,-114.0,867.5,45.712188,13.707687
4933773, 2018-03-22 12:28:37, B827EBFFFEBFBEE2, LORA, SF7BW125,-6.8,-118.0,867.1,45.712188,13.707687
4933800, 2018-03-22 12:29:12, B827EBFFFEBFBEE2, LORA, SF7BW125,-4.0,-118.0,867.1,45.712188,13.707687
4933819, 2018-03-22 12:29:45, B827EBFFFEBFBEE2, LORA, SF7BW125,-2.5,-114.0,868.3,45.712188,13.707687
4933837, 2018-03-22 12:30:19, B827EBFFFEBFBEE2, LORA, SF7BW125,-4.5,-115.0,868.5,45.712188,13.707687
4933858, 2018-03-22 12:30:54, B827EBFFFEBFBEE2, LORA, SF7BW125,-7.0,-117.0,867.9,45.712188,13.707687
4933941, 2018-03-22 12:33:08, B827EBFFFEBFBEE2, LORA, SF7BW125,-3.2,-115.0,868.5,45.712274,13.707559
4933958, 2018-03-22 12:33:42, B827EBFFFEBFBEE2, LORA, SF7BW125,-4.5,-115.0,867.3,45.712274,13.707559
4933985, 2018-03-22 12:34:17, B827EBFFFEBFBEE2, LORA, SF7BW125,-2.5,-114.0,868.3,45.712274,13.707559
4934000, 2018-03-22 12:34:48, B827EBFFFEBFBEE2, LORA, SF7BW125,-6.8,-115.0,868.5,45.712274,13.707559
4934019, 2018-03-22 12:35:22, B827EBFFFEBFBEE2, LORA, SF7BW125,-7.5,-115.0,867.7,45.712338,13.707451
4934039, 2018-03-22 12:35:56, B827EBFFFEBFBEE2, LORA, SF7BW125,-1.0,-114.0,867.9,45.712338,13.707451
4934060, 2018-03-22 12:36:30, B827EBFFFEBFBEE2, LORA, SF7BW125,-4.0,-115.0,867.5,45.712338,13.707451
4934077, 2018-03-22 12:37:03, B827EBFFFEBFBEE2, LORA, SF7BW125,-4.2,-114.0,867.7,45.712338,13.707451
4934102, 2018-03-22 12:37:37, B827EBFFFEBFBEE2, LORA, SF7BW125,-2.5,-118.0,867.1,45.712414,13.707366
4934123, 2018-03-22 12:38:10, B827EBFFFEBFBEE2, LORA, SF7BW125,-4.5,-115.0,867.3,45.712414,13.707366
4934147, 2018-03-22 12:38:44, B827EBFFFEBFBEE2, LORA, SF7BW125,-1.8,-117.0,868.1,45.712414,13.707366
4934166, 2018-03-22 12:39:18, B827EBFFFEBFBEE2, LORA, SF7BW125,-8.8,-111.0,868.3,45.712414,13.707366
4934185, 2018-03-22 12:39:53, B827EBFFFEBFBEE2, LORA, SF7BW125,-7.8,-118.0,867.9,45.712478000000004,13.707301000000001
4934209, 2018-03-22 12:40:26, B827EBFFFEBFBEE2, LORA, SF7BW125,-7.8,-119.0,868.1,45.712478000000004,13.707301000000001
4934226, 2018-03-22 12:41:00, B827EBFFFEBFBEE2, LORA, SF7BW125,-4.8,-115.0,867.5,45.712478000000004,13.707301000000001
4934245, 2018-03-22 12:41:34, B827EBFFFEBFBEE2, LORA, SF7BW125,-1.5,-115.0,867.7,45.712478000000004,13.707301000000001
4934260, 2018-03-22 12:42:07, B827EBFFFEBFBEE2, LORA, SF7BW125,-3.8,-117.0,867.1,45.712553,13.707215
4934281, 2018-03-22 12:42:41, B827EBFFFEBFBEE2, LORA, SF7BW125,-3.2,-115.0,867.3,45.712521,13.707215
4934313, 2018-03-22 12:43:49, B827EBFFFEBFBEE2, LORA, SF7BW125,-6.2,-115.0,868.5,45.712521,13.707215
4934337, 2018-03-22 12:44:22, B827EBFFFEBFBEE2, LORA, SF7BW125,-4.5,-116.0,867.9,45.712521,13.707215
4934350, 2018-03-22 12:44:57, B827EBFFFEBFBEE2, LORA, SF7BW125,-7.5,-119.0,868.1,45.712596000000005,13.707151000000001
4934368, 2018-03-22 12:45:32, B827EBFFFEBFBEE2, LORA, SF7BW125,-3.5,-113.0,867.3,45.712596000000005,13.707151000000001
4934384, 2018-03-22 12:46:06, B827EBFFFEBFBEE2, LORA, SF7BW125,-6.8,-117.0,867.5,45.712596000000005,13.707151000000001
4934402, 2018-03-22 12:46:40, B827EBFFFEBFBEE2, LORA, SF7BW125,-7.2,-115.0,868.5,45.712596000000005,13.707151000000001
4934434, 2018-03-22 12:47:48, B827EBFFFEBFBEE2, LORA, SF7BW125,-5.0,-115.0,868.3,45.712639,13.707107999999998
4934462, 2018-03-22 12:48:21, B827EBFFFEBFBEE2, LORA, SF7BW125,-6.8,-117.0,868.3,45.712639,13.707107999999998
4934514, 2018-03-22 12:49:29, B827EBFFFEBFBEE2, LORA, SF7BW125,-1.8,-118.0,868.1,45.712639,13.707107999999998
4934535, 2018-03-22 12:50:03, B827EBFFFEBFBEE2, LORA, SF7BW125,-5.2,-115.0,867.5,45.712639,13.707107999999998
4934599, 2018-03-22 12:51:10, B827EBFFFEBFBEE2, LORA, SF7BW125,-2.2,-114.0,868.5,45.712703000000005,13.707022
4934630, 2018-03-22 12:51:44, B827EBFFFEBFBEE2, LORA, SF7BW125,-1.2,-115.0,867.1,45.712703000000005,13.707022
4934664, 2018-03-22 12:52:17, B827EBFFFEBFBEE2, LORA, SF7BW125,0.2,-113.0,868.3,45.712703000000005,13.707022
4934698, 2018-03-22 12:52:51, B827EBFFFEBFBEE2, LORA, SF7BW125,-4.5,-115.0,868.5,45.712768,13.707001000000002
4934723, 2018-03-22 12:53:25, B827EBFFFEBFBEE2, LORA, SF7BW125,0.0,-114.0,867.9,45.712768,13.707001000000002
4934742, 2018-03-22 12:53:58, B827EBFFFEBFBEE2, LORA, SF7BW125,-4.5,-118.0,868.1,45.712768,13.707001000000002
4934766, 2018-03-22 12:54:31, B827EBFFFEBFBEE2, LORA, SF7BW125,-3.8,-115.0,867.5,45.712768,13.707001000000002
4934782, 2018-03-22 12:55:05, B827EBFFFEBFBEE2, LORA, SF7BW125,-4.0,-115.0,867.5,45.712768,13.707001000000002
4934804, 2018-03-22 12:55:40, B827EBFFFEBFBEE2, LORA, SF7BW125,-7.0,-116.0,868.5,45.712768,13.707001000000002
4934825, 2018-03-22 12:56:14, B827EBFFFEBFBEE2, LORA, SF7BW125,-5.0,-115.0,867.3,45.712832,13.706894
4934847, 2018-03-22 12:56:48, B827EBFFFEBFBEE2, LORA, SF7BW125,-1.5,-114.0,868.3,45.712832,13.706894
4934869, 2018-03-22 12:57:23, B827EBFFFEBFBEE2, LORA, SF7BW125,-5.8,-117.0,868.5,45.712875,13.706829
4934924, 2018-03-22 12:59:06, B827EBFFFEBFBEE2, LORA, SF7BW125,-8.0,-115.0,867.3,45.712886,13.706829
4934947, 2018-03-22 12:59:40, B827EBFFFEBFBEE2, LORA, SF7BW125,-6.8,-117.0,867.5,45.712886,13.706829
4935012, 2018-03-22 13:01:22, B827EBFFFEBFBEE2, LORA, SF7BW125,-4.8,-116.0,868.1,45.71295,13.706786
4935031, 2018-03-22 13:01:56, B827EBFFFEBFBEE2, LORA, SF7BW125,3.2,-112.0,868.5,45.713057,13.706679000000001
4935053, 2018-03-22 13:02:31, B827EBFFFEBFBEE2, LORA, SF7BW125,1.8,-114.0,867.9,45.713014,13.706722000000001
4935073, 2018-03-22 13:03:05, B827EBFFFEBFBEE2, LORA, SF7BW125,-7.0,-118.0,868.1,45.712199,13.706786
